,Tracker ID,TrackerLOC,ParentID,Wiki page,Country,"Subnational unit (province, state)",Unit,Plant,Chinese Name,Other names,Owner,Parent,Capacity (MW),Status,Year,RETIRED,Planned Retire,Combustion technology,Coal type,Coal source,Location,"Local area (taluk, county)","Major area (prefecture, district)",Subregion,Region,Previous Region,Latitude,Longitude,Accuracy,Permits,Captive,Captive industry use,Captive residential use,Alternate Fuel,Heat rate (Btu per kWh),Emission factor (kg of CO2 per TJ),Capacity factor,Annual CO2 (million tonnes / annum),Lifetime CO2,Remaining plant lifetime (years),bws_score,coal_price,Predicted_HR
142,G100500,L102033,P104508,https://www.gem.wiki/Bander_power_station,India,Andhra Pradesh,Unit 1,Bander power station,,"Sembcorp Gayatri Power Complex, Thermal Powertech Corporation India, Pynampuram (Painampuram) power station",Sembcorp Energy India,Tanweer Infrastructure,660.0,operating,2015.0,,,supercritical,unknown,Mahanadi Coal Fields,Painampuram,Muthukur,Nellore,Southern Asia,Asia,South Asia,14.351195,80.143086,exact,EC 4 Nov 2009 at http://bit.ly/1kopZNe,,,,,8409,"96,100",53%,2.6,86.2,33,4.61612784400043,3.43,10.610164597574489
143,G100501,L102033,P104508,https://www.gem.wiki/Bander_power_station,India,Andhra Pradesh,Unit 2,Bander power station,,"Sembcorp Gayatri Power Complex, Thermal Powertech Corporation India, Pynampuram (Painampuram) power station",Sembcorp Energy India,Tanweer Infrastructure,660.0,operating,2015.0,,,supercritical,unknown,Mahanadi Coal Fields,Painampuram,Muthukur,Nellore,Southern Asia,Asia,South Asia,14.351195,80.143086,exact,EC 4 Nov 2009 at http://bit.ly/1kopZNe,,,,,8409,"96,100",53%,2.6,86.2,33,4.61612784400043,3.43,10.610164597574489
153,G100585,L102616,P100762,https://www.gem.wiki/Bara_Thermal_Power_Project,India,Uttar Pradesh,"Phase I, Unit 1",Bara Thermal Power Project,,Prayagraj TPP,Jaiprakash Power Ventures Ltd,Jaypee Group,660.0,operating,2015.0,,,supercritical,unknown,,,Bara,Allahabad,Southern Asia,Asia,South Asia,25.196345,81.6585338,exact,EC 8 Sept 2009 at http://bit.ly/SspBl4,,,,,8409,"96,100",53%,2.6,86.2,33,4.56300863433406,2.04,10.602980879388877
154,G100586,L102616,P100762,https://www.gem.wiki/Bara_Thermal_Power_Project,India,Uttar Pradesh,"Phase I, Unit 2",Bara Thermal Power Project,,Prayagraj TPP,Jaiprakash Power Ventures Ltd,Jaypee Group,660.0,operating,2016.0,,,supercritical,unknown,,,Bara,Allahabad,Southern Asia,Asia,South Asia,25.196345,81.6585338,exact,EC 8 Sept 2009 at http://bit.ly/SspBl4,,,,,8409,"96,100",53%,2.6,88.8,34,4.56300863433406,2.04,10.602661093186661
155,G100587,L102616,P100762,https://www.gem.wiki/Bara_Thermal_Power_Project,India,Uttar Pradesh,"Phase I, Unit 3",Bara Thermal Power Project,,Prayagraj TPP,Jaiprakash Power Ventures Ltd,Jaypee Group,660.0,operating,2017.0,,,supercritical,unknown,,,Bara,Allahabad,Southern Asia,Asia,South Asia,25.196345,81.6585338,exact,EC 8 Sept 2009 at http://bit.ly/SspBl4,,,,,8409,"96,100",53%,2.6,91.4,35,4.56300863433406,2.04,10.59912352432643
174,G100623,L102092,P101047,https://www.gem.wiki/Barh_I_power_station,India,Bihar,Unit 1,Barh I power station,,,NTPC Ltd,NTPC,660.0,operating,2021.0,,,supercritical,unknown,,Barh,,Patna,Southern Asia,Asia,South Asia,25.4693,85.74516,exact,EC 9/11/01 at http://bit.ly/1a8HOgd,,,,,8409,"96,100",53%,2.6,101.9,39,2.97652519250697,1.87,10.4304678768578
177,G100626,L102093,P101047,https://www.gem.wiki/Barh_II_power_station,India,Bihar,Unit 1,Barh II power station,,Barh power station Unit 4,NTPC Ltd,NTPC,660.0,operating,2014.0,,,supercritical,unknown,,Barh,,Patna,Southern Asia,Asia,South Asia,25.4865,85.74516,exact,EC: 10/23/2007 at http://bit.ly/1a8GKc5,,,,,8409,"96,100",53%,2.6,83.6,32,2.97652519250697,1.87,10.550837797035129
178,G100627,L102093,P101047,https://www.gem.wiki/Barh_II_power_station,India,Bihar,Unit 2,Barh II power station,,Barh power station Unit 5,NTPC Ltd,NTPC,660.0,operating,2015.0,,,supercritical,unknown,,Barh,,Patna,Southern Asia,Asia,South Asia,25.4865,85.74516,exact,EC: 10/23/2007 at http://bit.ly/1a8GKc5,,,,,8409,"96,100",53%,2.6,86.2,33,2.97652519250697,1.87,10.537640205384978
191,G100741,L102293,P100845,https://www.gem.wiki/Bellary_Thermal_Power_Station,India,Karnataka,Unit 3,Bellary Thermal Power Station,,,Karnataka Power Corp Ltd,KPCL,700.0,operating,2016.0,,,supercritical,unknown,,Kudatini,Bellary,Bellary,Southern Asia,Asia,South Asia,15.19317384,76.7195034,exact,TOR 4/10/08; EC 11/17/09 at http://bit.ly/1fybFfE,,,,,8409,"96,100",53%,2.8,94.2,34,2.96625581567932,3.46,10.537731221576362
363,G101452,L102524,P101182,https://www.gem.wiki/Chhabra_Thermal_Power_Station,India,Rajasthan,Unit 5,Chhabra Thermal Power Station,,,Rajasthan RV Utpadan Nigam,Rajasthan RV Utpadan Nigam,660.0,operating,2017.0,,,supercritical,sub-bit,,Chowki-Motipura,Chhabra,Baran,Southern Asia,Asia,South Asia,24.63433,77.0385039,exact,EC 23 May 2012 at http://bit.ly/TORwxp,,,,,8409,"96,100",53%,2.6,91.4,35,5.0,2.8,10.606117739580288
364,G101453,L102524,P101182,https://www.gem.wiki/Chhabra_Thermal_Power_Station,India,Rajasthan,Unit 6,Chhabra Thermal Power Station,,,Rajasthan RV Utpadan Nigam,Rajasthan RV Utpadan Nigam,660.0,operating,2018.0,,,supercritical,sub-bit,,Chowki-Motipura,Chhabra,Baran,Southern Asia,Asia,South Asia,24.63433,77.0385039,exact,EC 23 May 2012 at http://bit.ly/TORwxp,,,,,8409,"96,100",53%,2.6,94.1,36,5.0,2.8,10.593881263160192
392,G101852,L102542,P100696,https://www.gem.wiki/Cuddalore_IL&FS_power_station,India,Tamil Nadu,Phase I Unit 1,Cuddalore IL&FS power station,,,Infrastructure Leasing & Financial Services,IL&FS,600.0,operating,2015.0,,,supercritical,bituminous,,"Kottatai, Ariyagosthi, Villianallur & Silambimangalam",Chidambaram,Cuddalore,Southern Asia,Asia,South Asia,11.5216092,79.7518447,exact,EC 31 May 2010 at http://bit.ly/1j8h6mr; EC Amendment 4 Feb 2014 at http://bit.ly/1j8h1z2,,,,,8409,"94,600",53%,2.3,77.2,33,4.70758435423529,3.9,10.5985062865748
393,G101853,L102542,P100696,https://www.gem.wiki/Cuddalore_IL&FS_power_station,India,Tamil Nadu,Phase I Unit 2,Cuddalore IL&FS power station,,,Infrastructure Leasing & Financial Services,IL&FS,600.0,operating,2016.0,,,supercritical,bituminous,,"Kottatai, Ariyagosthi, Villianallur & Silambimangalam",Chidambaram,Cuddalore,Southern Asia,Asia,South Asia,11.5216092,79.7518447,approximate,EC 31 May 2010 at http://bit.ly/1j8h6mr; EC Amendment 4 Feb 2014 at http://bit.ly/1j8h1z2,,,,,8409,"94,600",53%,2.3,79.5,34,4.70758435423529,3.9,10.59118924171041
427,G101987,L102458,P101047,https://www.gem.wiki/Darlipali_power_station,India,Odisha,Phase I Unit 1,Darlipali power station,,Darlipalli Super Thermal Power Station; Darlipali STPS,NTPC Ltd,NTPC,800.0,operating,2019.0,,,supercritical,unknown,Dulanga and Pakri Barwadih Coal Blocks,Darlipali,Lephripara,Sundergarh,Southern Asia,Asia,South Asia,21.9635543,83.8918698,exact,EC 17 Feb 2014 at http://bit.ly/1nOCD7g,,,,,8409,"96,100",53%,3.2,117.2,37,0.430880615155386,1.66,10.348994582614054
428,G101988,L102458,P101047,https://www.gem.wiki/Darlipali_power_station,India,Odisha,Phase I Unit 2,Darlipali power station,,Darlipalli Super Thermal Power Station; Darlipali STPS,NTPC Ltd,NTPC,800.0,operating,2021.0,,,supercritical,unknown,Dulanga and Pakri Barwadih Coal Blocks,Darlipali,Lephripara,Sundergarh,Southern Asia,Asia,South Asia,21.9635543,83.8918698,exact,EC 17 Feb 2014 at http://bit.ly/1nOCD7g,,,,,8409,"96,100",53%,3.2,123.5,39,0.430880615155386,1.66,10.330552832253199
645,G103647,L102630,P101538,https://www.gem.wiki/Harduaganj_power_station,India,Uttar Pradesh,Unit 10,Harduaganj power station,,,Uttar Pradesh Rajya Vidyut Utpadan Nigam Ltd,UPRVUNL,660.0,operating,2022.0,,,supercritical,unknown,,Kasimpur,,Aligarh,Southern Asia,Asia,South Asia,28.0175,78.13,exact,TOR 12 Mar 2010 at http://bit.ly/UpIVRY; EC 12 May 2015 at http://bit.ly/1XR1VF8,,,,,8409,"96,100",53%,2.6,104.5,40,5.0,2.04,10.445333924626773
688,G104817,L102467,P100560,https://www.gem.wiki/Ib_Valley_Thermal_Power_Station,India,Odisha,Unit 3,Ib Valley Thermal Power Station,,,Odisha Power Generation Corp,Government of Odisha,660.0,operating,2019.0,,,supercritical,unknown,Manoharpur in Ib valley,Banaharpalli,,Jharsuguda,Southern Asia,Asia,South Asia,21.690729,83.860096,exact,,,,,,8409,"96,100",53%,2.6,96.7,37,0.430880615155386,1.66,10.543143865664273
689,G104818,L102467,P100560,https://www.gem.wiki/Ib_Valley_Thermal_Power_Station,India,Odisha,Unit 4,Ib Valley Thermal Power Station,,,Odisha Power Generation Corp,Government of Odisha,660.0,operating,2019.0,,,supercritical,unknown,Manoharpur in Ib valley,Banaharpalli,,Jharsuguda,Southern Asia,Asia,South Asia,21.690729,83.860096,exact,,,,,,8409,"96,100",53%,2.6,96.7,37,0.430880615155386,1.66,10.543143865664273
729,G105007,L102338,P100762,https://www.gem.wiki/Jaypee_Nigrie_Super_Thermal_Power_Project,India,Madhya Pradesh,Unit 1,Jaypee Nigrie Super Thermal Power Project,,,Jaiprakash Power Ventures Ltd,Jaypee Group,660.0,operating,2014.0,,,supercritical,lignite,Amelia and Dongrital Blocks,Nigri,Deosar,Singrauli,Southern Asia,Asia,South Asia,24.1499696,81.9045246,exact,EC 25 Feb 2010 at http://bit.ly/1i7525c,,,,,8409,"101,000",53%,2.7,87.9,32,3.71304664842659,1.72,10.611918057559663
730,G105008,L102338,P100762,https://www.gem.wiki/Jaypee_Nigrie_Super_Thermal_Power_Project,India,Madhya Pradesh,Unit 2,Jaypee Nigrie Super Thermal Power Project,,,Jaiprakash Power Ventures Ltd,Jaypee Group,660.0,operating,2015.0,,,supercritical,lignite,Amelia and Dongrital Blocks,Nigri,Deosar,Singrauli,Southern Asia,Asia,South Asia,24.1499696,81.9045246,exact,EC 25 Feb 2010 at http://bit.ly/1i7525c,,,,,8409,"101,000",53%,2.7,90.6,33,3.71304664842659,1.72,10.546605173724792
806,G105477,L102527,P101182,https://www.gem.wiki/Kalisindh_Thermal_Power_Station,India,Rajasthan,Unit 1,Kalisindh Thermal Power Station,,,Rajasthan RV Utpadan Nigam,Rajasthan RV Utpadan Nigam,600.0,operating,2014.0,,,supercritical,sub-bit,Paras east and Kanta basin,Kalisindh,Jhalarapatan,Jhalawar,Southern Asia,Asia,South Asia,24.5325129,76.100353,exact,EC 26 Feb 2009 at http://bit.ly/TOU4LR,,,,,8409,"96,100",53%,2.4,76.0,32,5.0,2.8,10.609300232455254
807,G105478,L102527,P101182,https://www.gem.wiki/Kalisindh_Thermal_Power_Station,India,Rajasthan,Unit 2,Kalisindh Thermal Power Station,,,Rajasthan RV Utpadan Nigam,Rajasthan RV Utpadan Nigam,600.0,operating,2015.0,,,supercritical,sub-bit,Paras east and Kanta basin,Kalisindh,Jhalarapatan,Jhalawar,Southern Asia,Asia,South Asia,24.5325129,76.100353,exact,EC 26 Feb 2009 at http://bit.ly/TOU4LR,,,,,8409,"96,100",53%,2.4,78.4,33,5.0,2.8,10.610083527645312
845,G105627,L102528,P100017,https://www.gem.wiki/Kawai_Thermal_Power_Project,India,Rajasthan,Unit 1,Kawai Thermal Power Project,,,Adani Power Ltd,Adani Group,660.0,operating,2014.0,,,supercritical,sub-bit,Domestic,Kawai,Atru,Baran,Southern Asia,Asia,South Asia,24.7779971,76.7371443,exact,EC 4 May 2011 at http://bit.ly/TOStWe; EC Amendment 14 March 2014 at http://bit.ly/TOSCcm,,,,,8409,"96,100",53%,2.6,83.6,32,5.0,2.8,10.609300232455254
846,G105628,L102528,P100017,https://www.gem.wiki/Kawai_Thermal_Power_Project,India,Rajasthan,Unit 2,Kawai Thermal Power Project,,,Adani Power Ltd,Adani Group,660.0,operating,2014.0,,,supercritical,sub-bit,Domestic,Kawai,Atru,Baran,Southern Asia,Asia,South Asia,24.7779971,76.7371443,exact,EC 4 May 2011 at http://bit.ly/TOStWe; EC Amendment 14 March 2014 at http://bit.ly/TOSCcm,,,,,8409,"96,100",53%,2.6,83.6,32,5.0,2.8,10.609300232455254
890,G105852,L102411,P100909,https://www.gem.wiki/Koradi_Thermal_Power_Station,India,Maharashtra,Unit 10,Koradi Thermal Power Station,,,Maharashtra State Power Generation Co,MAHAGENCO,660.0,operating,2016.0,,,supercritical,bituminous,,Koradi,Kamptee,Nagpur,Southern Asia,Asia,South Asia,21.2359824,79.0919495,exact,EC 4 Jan 2010 at http://bit.ly/1ml5cci,,,,,8409,"94,600",53%,2.6,87.4,34,2.92075089973715,2.38,10.658107702134195
899,G105859,L102411,P100909,https://www.gem.wiki/Koradi_Thermal_Power_Station,India,Maharashtra,Unit 8,Koradi Thermal Power Station,,,Maharashtra State Power Generation Co,MAHAGENCO,660.0,operating,2015.0,,,supercritical,bituminous,,Koradi,Kamptee,Nagpur,Southern Asia,Asia,South Asia,21.2359824,79.0919495,exact,EC 4 Jan 2010 at http://bit.ly/1ml5cci,,,,,8409,"94,600",53%,2.6,84.9,33,2.92075089973715,2.38,10.66769803586827
900,G105860,L102411,P100909,https://www.gem.wiki/Koradi_Thermal_Power_Station,India,Maharashtra,Unit 9,Koradi Thermal Power Station,,,Maharashtra State Power Generation Co,MAHAGENCO,660.0,operating,2016.0,,,supercritical,bituminous,,Koradi,Kamptee,Nagpur,Southern Asia,Asia,South Asia,21.2359824,79.0919495,exact,EC 4 Jan 2010 at http://bit.ly/1ml5cci,,,,,8409,"94,600",53%,2.6,87.4,34,2.92075089973715,2.38,10.658107702134195
929,G105903,L102598,P101513,https://www.gem.wiki/Kothagudem_Thermal_Power_Station,India,Telangana,Unit 11,Kothagudem Thermal Power Station,,,Telangana State Power Generation Corp,TSGENCO,500.0,operating,2011.0,,,supercritical,bituminous,,Paloncha,Paloncha,Khamman,Southern Asia,Asia,South Asia,17.6219,80.69355,exact,EC 5 Jan 2007 at http://bit.ly/1eLbOOK,,,,,9250,"94,600",53%,2.1,62.2,29,0.216344043831204,2.04,11.006403739036307
930,G105904,L102598,P101513,https://www.gem.wiki/Kothagudem_Thermal_Power_Station,India,Telangana,Unit 12,Kothagudem Thermal Power Station,,,Telangana State Power Generation Corp,TSGENCO,800.0,operating,2018.0,,,supercritical,bituminous,,Paloncha,Paloncha,Khamman,Southern Asia,Asia,South Asia,17.6219,80.69355,exact,TOR 26 Sept 2012 at http://bit.ly/1eLwoyp; EC http://bit.ly/1JMOujo 16 July 2015,,,,,8409,"94,600",53%,3.1,112.2,36,0.216344043831204,2.04,10.270010189251881
943,G105986,L102159,P100848,https://www.gem.wiki/KSK_Mahanadi_Power_Project,India,Chhattisgarh,Unit 1,KSK Mahanadi Power Project,,Akaltara Ultra Mega Power Project Unit 1,KSK Energy Ventures Pvt Ltd,KSK Energy Ventures,600.0,operating,2013.0,,,supercritical,unknown,Domestic and imported,Nariyara,Akaltara,Janjgir-Champa,Southern Asia,Asia,South Asia,21.9602956,82.4090642,exact,EC 26 May 2016 at http://bit.ly/2dDs4pk,,,,,8409,"96,100",53%,2.4,73.6,31,3.43985463530556,1.59,10.852464704170208
944,G105987,L102159,P100848,https://www.gem.wiki/KSK_Mahanadi_Power_Project,India,Chhattisgarh,Unit 2,KSK Mahanadi Power Project,,Akaltara Ultra Mega Power Project Unit 2,KSK Energy Ventures Pvt Ltd,KSK Energy Ventures,600.0,operating,2014.0,,,supercritical,unknown,Domestic and imported,Nariyara,Akaltara,Janjgir-Champa,Southern Asia,Asia,South Asia,21.9602956,82.4090642,exact,EC 26 May 2016 at http://bit.ly/2dDs4pk,,,,,8409,"96,100",53%,2.4,76.0,32,3.43985463530556,1.59,10.611502579914745
945,G105988,L102159,P100848,https://www.gem.wiki/KSK_Mahanadi_Power_Project,India,Chhattisgarh,Unit 3,KSK Mahanadi Power Project,,,KSK Energy Ventures Pvt Ltd,KSK Energy Ventures,600.0,operating,2018.0,,,supercritical,unknown,Domestic and imported,Nariyara,Akaltara,Janjgir-Champa,Southern Asia,Asia,South Asia,21.9602956,82.4090642,exact,EC 26 May 2016 at http://bit.ly/2dDs4pk,,,,,8409,"96,100",53%,2.4,85.5,36,3.43985463530556,1.59,10.536486982746345
950,G106008,L102306,P101047,https://www.gem.wiki/Kudgi_Super_Thermal_Power_Project,India,Karnataka,Unit 1,Kudgi Super Thermal Power Project,,,NTPC Ltd,NTPC,800.0,operating,2016.0,,,supercritical,unknown,,Kudgi,,Bijapur,Southern Asia,Asia,South Asia,16.4995461,75.8346319,exact,EC 1/25/12 at http://bit.ly/1icpaE9,,,,,8409,"96,100",53%,3.2,107.7,34,1.97608554581696,3.46,10.506899022949426
951,G106009,L102306,P101047,https://www.gem.wiki/Kudgi_Super_Thermal_Power_Project,India,Karnataka,Unit 2,Kudgi Super Thermal Power Project,,,NTPC Ltd,NTPC,800.0,operating,2017.0,,,supercritical,unknown,,Kudgi,,Bijapur,Southern Asia,Asia,South Asia,16.4995461,75.8346319,exact,EC 1/25/12 at http://bit.ly/1icpaE9,,,,,8409,"96,100",53%,3.2,110.8,35,1.97608554581696,3.46,10.489614111044187
952,G106010,L102306,P101047,https://www.gem.wiki/Kudgi_Super_Thermal_Power_Project,India,Karnataka,Unit 3,Kudgi Super Thermal Power Project,,,NTPC Ltd,NTPC,800.0,operating,2018.0,,,supercritical,unknown,,Kudgi,,Bijapur,Southern Asia,Asia,South Asia,16.4995461,75.8346319,exact,EC 1/25/12 at http://bit.ly/1icpaE9,,,,,8409,"96,100",53%,3.2,114.0,36,1.97608554581696,3.46,10.509557729269115
970,G106128,L102638,P100107,https://www.gem.wiki/Lalitpur_power_project,India,Uttar Pradesh,Unit 1,Lalitpur power project,,,Lalitpur Power Generatio Company Ltd,Bajaj Group,660.0,operating,2015.0,,,supercritical,unknown,Domestic,Mirchwara and Buraugaon,Mahroni,Lalitpur,Southern Asia,Asia,South Asia,24.795833,78.646944,exact,EC 31 March 2011 at http://bit.ly/SsfQTX; EC amended 20 May 2014 at http://bit.ly/SsfJIc,,,,,8409,"96,100",53%,2.6,86.2,33,5.0,2.04,10.602980879388877
971,G106129,L102638,P100107,https://www.gem.wiki/Lalitpur_power_project,India,Uttar Pradesh,Unit 2,Lalitpur power project,,,Lalitpur Power Generatio Company Ltd,Bajaj Group,660.0,operating,2016.0,,,supercritical,unknown,Domestic,Mirchwara and Buraugaon,Mahroni,Lalitpur,Southern Asia,Asia,South Asia,24.795833,78.646944,exact,EC 31 March 2011 at http://bit.ly/SsfQTX; EC amended 20 May 2014 at http://bit.ly/SsfJIc,,,,,8409,"96,100",53%,2.6,88.8,34,5.0,2.04,10.602661093186661
972,G106130,L102638,P100107,https://www.gem.wiki/Lalitpur_power_project,India,Uttar Pradesh,Unit 3,Lalitpur power project,,,Lalitpur Power Generatio Company Ltd,Bajaj Group,660.0,operating,2016.0,,,supercritical,unknown,Domestic,Mirchwara and Buraugaon,Mahroni,Lalitpur,Southern Asia,Asia,South Asia,24.795833,78.646944,exact,EC 31 March 2011 at http://bit.ly/SsfQTX; EC amended 20 May 2014 at http://bit.ly/SsfJIc,,,,,8409,"96,100",53%,2.6,88.8,34,5.0,2.04,10.602661093186661
983,G106174,L102164,P101047,https://www.gem.wiki/Lara_Integrated_Thermal_Power_Project,India,Chhattisgarh,Unit 1,Lara Integrated Thermal Power Project,,,NTPC Ltd,NTPC,800.0,operating,2018.0,,,supercritical,unknown,,Mahloi,Pussore,Raigarh,Southern Asia,Asia,South Asia,21.7576613,83.457545,exact,EC: 13 Dec 2012 at http://bit.ly/1befiV5,,,,,8409,"96,100",53%,3.2,114.0,36,1.58139118801547,1.59,10.527046748522588
984,G106175,L102164,P101047,https://www.gem.wiki/Lara_Integrated_Thermal_Power_Project,India,Chhattisgarh,Unit 2,Lara Integrated Thermal Power Project,,,NTPC Ltd,NTPC,800.0,operating,2020.0,,,supercritical,unknown,,Mahloi,Pussore,Raigarh,Southern Asia,Asia,South Asia,21.7576613,83.457545,exact,EC: 13 Dec 2012 at http://bit.ly/1befiV5,,,,,8409,"96,100",53%,3.2,120.3,38,1.58139118801547,1.59,10.391184250581016
1012,G105028,L102238,P100282,https://www.gem.wiki/Mahatma_Gandhi_power_station,India,Haryana,Unit 1,Mahatma Gandhi power station,,Jhajjar power station,CLP Power India Pvt Ltd,CLP Group,660.0,operating,2012.0,,,supercritical,bituminous,,Khanpur Kalan and Jhamri,Matanhel,Jhajjar,Southern Asia,Asia,South Asia,28.488143,76.352534,exact,,,,,,9250,"94,600",53%,2.8,84.9,30,5.0,3.24,10.926358239092071
1013,G105029,L102238,P100282,https://www.gem.wiki/Mahatma_Gandhi_power_station,India,Haryana,Unit 2,Mahatma Gandhi power station,,Jhajjar power station,CLP Power India Pvt Ltd,CLP Group,660.0,operating,2012.0,,,supercritical,bituminous,,Khanpur Kalan and Jhamri,Matanhel,Jhajjar,Southern Asia,Asia,South Asia,28.488143,76.352534,exact,,,,,,9250,"94,600",53%,2.8,84.9,30,5.0,3.24,10.926358239092071
1036,G106748,L102415,P101047,https://www.gem.wiki/Mauda_power_station,India,Maharashtra,Unit 3,Mauda power station,,Mouda Super Thermal Power Project,NTPC Ltd,NTPC,660.0,operating,2016.0,,,supercritical,unknown,Mahanadi Coalfields,,Mouda,Nabpur,Southern Asia,Asia,South Asia,21.1807403,79.3965411,exact,EC 30 Dec 2010 at http://bit.ly/1iyG0yi,,,,,8409,"96,100",53%,2.6,88.8,34,2.92075089973715,2.38,10.658107702134195
1037,G106749,L102415,P101047,https://www.gem.wiki/Mauda_power_station,India,Maharashtra,Unit 4,Mauda power station,,Mouda Super Thermal Power Project,NTPC Ltd,NTPC,660.0,operating,2017.0,,,supercritical,unknown,Mahanadi Coalfields,,Mouda,Nabpur,Southern Asia,Asia,South Asia,21.1807403,79.3965411,exact,EC 30 Dec 2010 at http://bit.ly/1iyG0yi,,,,,8409,"96,100",53%,2.6,91.4,35,2.92075089973715,2.38,10.6603682104049
1044,G106821,L102640,Q200287,https://www.gem.wiki/Meja_Thermal_Power_Project,India,Uttar Pradesh,Unit 1,Meja Thermal Power Project,,,Meja Urja Nigam Private Limited (MUNPL),"NTPC, UPRVUNL",660.0,operating,2018.0,,,supercritical,unknown,,Meja,,Allahabad,Southern Asia,Asia,South Asia,25.1458673,81.940096,exact,,,,,,8409,"96,100",53%,2.6,94.1,36,4.56300863433406,2.04,10.586977326219937
1045,G106822,L102640,Q200287,https://www.gem.wiki/Meja_Thermal_Power_Project,India,Uttar Pradesh,Unit 2,Meja Thermal Power Project,,,Meja Urja Nigam Private Limited (MUNPL),"NTPC, UPRVUNL",660.0,operating,2021.0,,,supercritical,unknown,,Meja,,Allahabad,Southern Asia,Asia,South Asia,25.1458673,81.940096,exact,,,,,,8409,"96,100",53%,2.6,101.9,39,4.56300863433406,2.04,10.43421871708468
1071,G106897,L102561,P101450,https://www.gem.wiki/Mettur_Thermal_Power_Station,India,Tamil Nadu,Unit 5,Mettur Thermal Power Station,,,Tamil Nadu Generation & Distribution Corp Ltd,TANGEDCO,600.0,operating,2012.0,,,supercritical,bituminous,,Metturdam,,Salem,Southern Asia,Asia,South Asia,11.7744564,77.8172243,exact,EC 18 Sept 2007 at http://bit.ly/1pOCLr2,,,,,9250,"94,600",53%,2.6,77.2,30,2.74181271267108,3.9,10.997471816663577
1108,G107106,L102217,P100017,https://www.gem.wiki/Mundra_Thermal_Power_Project_(Adani),India,Gujarat,Phase III Unit 5,Mundra Thermal Power Project (Adani),,,Adani Power Ltd,Adani Group,660.0,operating,2010.0,,,supercritical,bituminous,Mahanadi coal fields,Tunda,Mundra,Kutch,Southern Asia,Asia,South Asia,22.8234904,69.5534831,exact,EC 20 May 2010 at http://bit.ly/1h4tOSX,,,,,9250,"94,600",53%,2.8,79.2,28,4.67631704483643,3.7,11.338244748767984
1109,G107107,L102217,P100017,https://www.gem.wiki/Mundra_Thermal_Power_Project_(Adani),India,Gujarat,Phase III Unit 6,Mundra Thermal Power Project (Adani),,,Adani Power Ltd,Adani Group,660.0,operating,2011.0,,,supercritical,bituminous,Mahanadi coal fields,Tunda,Mundra,Kutch,Southern Asia,Asia,South Asia,22.8235448,69.5551568,exact,EC 20 May 2010 at http://bit.ly/1h4tOSX,,,,,9250,"94,600",53%,2.8,82.0,29,4.67631704483643,3.7,11.338244748767984
1110,G107108,L102217,P100017,https://www.gem.wiki/Mundra_Thermal_Power_Project_(Adani),India,Gujarat,Phase IV Unit 7,Mundra Thermal Power Project (Adani),,,Adani Power Ltd,Adani Group,660.0,operating,2011.0,,,supercritical,bituminous,Mahanadi coal fields,Tunda,Mundra,Kutch,Southern Asia,Asia,South Asia,22.8235448,69.5551568,exact,EC 20 May 2010 at http://bit.ly/1h4tOSX,,,,,9250,"94,600",53%,2.8,82.0,29,4.67631704483643,3.7,11.338244748767984
1111,G107109,L102217,P100017,https://www.gem.wiki/Mundra_Thermal_Power_Project_(Adani),India,Gujarat,Phase IV Unit 8,Mundra Thermal Power Project (Adani),,,Adani Power Ltd,Adani Group,660.0,operating,2012.0,,,supercritical,bituminous,,Tunda,Mundra,Kutch,Southern Asia,Asia,South Asia,22.8235448,69.5574957,exact,,,,,,9250,"94,600",53%,2.8,84.9,30,4.67631704483643,3.7,11.338244748767984
1112,G107110,L102217,P100017,https://www.gem.wiki/Mundra_Thermal_Power_Project_(Adani),India,Gujarat,Phase IV Unit 9,Mundra Thermal Power Project (Adani),,,Adani Power Ltd,Adani Group,660.0,operating,2012.0,,,supercritical,bituminous,,Tunda,Mundra,Kutch,Southern Asia,Asia,South Asia,22.8235448,69.5574957,exact,,,,,,9250,"94,600",53%,2.8,84.9,30,4.67631704483643,3.7,11.338244748767984
1118,G107134,L102055,P104508,https://www.gem.wiki/Muthukur_Mandal_power_station_(Painampuram),India,Andhra Pradesh,Unit 1,Muthukur Mandal power station (Painampuram),,SGPL Power Project; Sembcorp Gayatri Power Complex,Sembcorp Energy India Limited,Tanweer Infrastructure,660.0,operating,2016.0,,,supercritical,unknown,Imported from Indonesia,Painampuram & Sivarampuram,Muthukur,Nellore,Southern Asia,Asia,South Asia,14.351195,80.143086,exact,EC 30 Sept 2010 at http://bit.ly/1g4Ekuk,,,,,8409,"96,100",53%,2.6,88.8,34,4.61612784400043,3.43,10.609138940952093
1119,G107135,L102055,P104508,https://www.gem.wiki/Muthukur_Mandal_power_station_(Painampuram),India,Andhra Pradesh,Unit 2,Muthukur Mandal power station (Painampuram),,SGPL Power Project; Sembcorp Gayatri Power Complex,Sembcorp Energy India Limited,Tanweer Infrastructure,660.0,operating,2017.0,,,supercritical,unknown,Imported from Indonesia,Painampuram & Sivarampuram,Muthukur,Nellore,Southern Asia,Asia,South Asia,14.351195,80.143086,exact,EC 30 Sept 2010 at http://bit.ly/1g4Ekuk,,,,,8409,"96,100",53%,2.6,91.4,35,4.61612784400043,3.43,10.594721401424064
1128,G107158,L102113,P101047,https://www.gem.wiki/Nabinagar_Super_Thermal_Power_Project,India,Bihar,Unit 1,Nabinagar Super Thermal Power Project,,New Nabi Nagar,Nabinagar Power Generating Company,NTPC,660.0,operating,2019.0,,,supercritical,unknown,,Majhiyan and Ankorha,Nabinagar,Aurangabad,Southern Asia,Asia,South Asia,24.7760001,84.1580254,exact,EC 12/27/2010 at http://bit.ly/1b4sAmQ,,,,,8409,"96,100",53%,2.6,96.7,37,3.71304664842659,1.87,10.502316612157454
1129,G107159,L102113,P101047,https://www.gem.wiki/Nabinagar_Super_Thermal_Power_Project,India,Bihar,Unit 2,Nabinagar Super Thermal Power Project,,New Nabi Nagar,Nabinagar Power Generating Company,NTPC,660.0,operating,2021.0,,,supercritical,unknown,,Majhiyan and Ankorha,Nabinagar,Aurangabad,Southern Asia,Asia,South Asia,24.7760001,84.1580254,exact,EC 12/27/2010 at http://bit.ly/1b4sAmQ,,,,,8409,"96,100",53%,2.6,101.9,39,3.71304664842659,1.87,10.4304678768578
1130,G107160,L102113,P101047,https://www.gem.wiki/Nabinagar_Super_Thermal_Power_Project,India,Bihar,Unit 3,Nabinagar Super Thermal Power Project,,New Nabi Nagar,Nabinagar Power Generating Company,NTPC,660.0,operating,2022.0,,,supercritical,unknown,,Majhiyan and Ankorha,Nabinagar,Aurangabad,Southern Asia,Asia,South Asia,24.7760001,84.1580254,exact,EC 12/27/2010 at http://bit.ly/1b4sAmQ,,,,,8409,"96,100",53%,2.6,104.5,40,3.71304664842659,1.87,10.433820827403824
1216,G107506,L102278,P101047,https://www.gem.wiki/North_Karanpura_power_station,India,Jharkhand,Unit 1,North Karanpura power station,,,NTPC Ltd,NTPC,660.0,operating,2022.0,,,supercritical,unknown,,Tandwa town,,Chatra,Southern Asia,Asia,South Asia,23.8507722,85.0124109,exact,,,,,,8409,"96,100",53%,2.6,104.5,40,1.34475494008816,1.59,10.444944670646276
1341,G108415,L102681,P100339,https://www.gem.wiki/Raghunathpur_Thermal_Power_Station,India,West Bengal,Unit 1,Raghunathpur Thermal Power Station,,,Damodar Valley Corporation,Damodar Valley Corporation,600.0,operating,2014.0,,,supercritical,unknown,,Bhaldubi,Ragunathpur,Purulia,Southern Asia,Asia,South Asia,23.6219101,86.6607034,exact,EC 18 Oct 2007 at http://bit.ly/1n4Sai4,,,,,8409,"96,100",53%,2.4,76.0,32,0.695916582485208,1.99,10.687682722197156
1342,G108416,L102681,P100339,https://www.gem.wiki/Raghunathpur_Thermal_Power_Station,India,West Bengal,Unit 2,Raghunathpur Thermal Power Station,,,Damodar Valley Corporation,Damodar Valley Corporation,600.0,operating,2016.0,,,supercritical,unknown,,Bhaldubi,Ragunathpur,Purulia,Southern Asia,Asia,South Asia,23.6219101,86.6607034,exact,EC 18 Oct 2007 at http://bit.ly/1n4Sai4,,,,,8409,"96,100",53%,2.4,80.8,34,0.695916582485208,1.99,10.596429538492622
1367,G108445,L102173,P100017,https://www.gem.wiki/Raikheda_power_station,India,Chhattisgarh,Unit 1,Raikheda power station,,,Raipur Energen,Adani Group,685.0,operating,2015.0,,,supercritical,bituminous,,"Raikheda, Gaitra, and Chicoli",Tilda,Raipur,Southern Asia,Asia,South Asia,21.4499182,81.8524736,exact,EC: 9 May 2011 at http://bit.ly/1kPQDwi,,,,,8409,"94,600",53%,2.7,88.1,33,4.79908587719454,1.59,10.581147321865421
1368,G108446,L102173,P100017,https://www.gem.wiki/Raikheda_power_station,India,Chhattisgarh,Unit 2,Raikheda power station,,,Raipur Energen,Adani Group,685.0,operating,2016.0,,,supercritical,bituminous,,"Raikheda, Gaitra, and Chicoli",Tilda,Raipur,Southern Asia,Asia,South Asia,21.4499182,81.8524736,exact,EC: 9 May 2011 at http://bit.ly/1kPQDwi,,,,,8409,"94,600",53%,2.7,90.8,34,4.79908587719454,1.59,10.577602968194183
1381,G108460,L102515,P100864,https://www.gem.wiki/Rajpura_Thermal_Power_Project,India,Punjab state,Unit 1,Rajpura Thermal Power Project,,site changed from Nabha,Nabha Power Ltd,Larsen & Toubro,700.0,operating,2014.0,,,supercritical,sub-bit,,Nalash,Rajpura,Patiala,Southern Asia,Asia,South Asia,30.5589628,76.5775931,exact,EC 3 Oct 2008 at http://bit.ly/1lcNp5o; EC extension 5 Feb 2014 at http://bit.ly/1lcQ6Uh,,,,,8409,"96,100",53%,2.8,88.7,32,5.0,,10.583528735132445
1382,G108461,L102515,P100864,https://www.gem.wiki/Rajpura_Thermal_Power_Project,India,Punjab state,Unit 2,Rajpura Thermal Power Project,,site changed from Nabha,Nabha Power Ltd,Larsen & Toubro,700.0,operating,2014.0,,,supercritical,sub-bit,,Nalash,Rajpura,Patiala,Southern Asia,Asia,South Asia,30.5589628,76.5775931,exact,EC 3 Oct 2008 at http://bit.ly/1lcNp5o; EC extension 5 Feb 2014 at http://bit.ly/1lcQ6Uh,,,,,8409,"96,100",53%,2.8,88.7,32,5.0,,10.583528735132445
1509,G108831,L102360,P101194,https://www.gem.wiki/Sasan_Ultra_Mega_Power_Project,India,Madhya Pradesh,Unit 1,Sasan Ultra Mega Power Project,,,Reliance Power Ltd,Reliance Group,660.0,operating,2013.0,,,supercritical,unknown,"Moher coal mine, Moher-Amlori Extension coal mine",Sasan,Singrauli,Singrauli,Southern Asia,Asia,South Asia,23.9775233,82.6264733,exact,EC 21 July 2009 at http://bit.ly/1i76Wmy,,,,,8409,"96,100",53%,2.6,81.0,31,3.71304664842659,1.72,10.874580708515197
1510,G108832,L102360,P101194,https://www.gem.wiki/Sasan_Ultra_Mega_Power_Project,India,Madhya Pradesh,Unit 2,Sasan Ultra Mega Power Project,,,Reliance Power Ltd,Reliance Group,660.0,operating,2014.0,,,supercritical,unknown,"Moher coal mine, Moher-Amlori Extension coal mine",Sasan,,Singrauli,Southern Asia,Asia,South Asia,23.9775233,82.6264733,exact,EC 21 July 2009 at http://bit.ly/1i76Wmy,,,,,8409,"96,100",53%,2.6,83.6,32,3.71304664842659,1.72,10.611918057559663
1511,G108833,L102360,P101194,https://www.gem.wiki/Sasan_Ultra_Mega_Power_Project,India,Madhya Pradesh,Unit 3,Sasan Ultra Mega Power Project,,,Reliance Power Ltd,Reliance Group,660.0,operating,2014.0,,,supercritical,unknown,"Moher coal mine, Moher-Amlori Extension coal mine",Sasan,,Singrauli,Southern Asia,Asia,South Asia,23.9775233,82.6264733,exact,EC 21 July 2009 at http://bit.ly/1i76Wmy,,,,,8409,"96,100",53%,2.6,83.6,32,3.71304664842659,1.72,10.611918057559663
1512,G108834,L102360,P101194,https://www.gem.wiki/Sasan_Ultra_Mega_Power_Project,India,Madhya Pradesh,Unit 4,Sasan Ultra Mega Power Project,,,Reliance Power Ltd,Reliance Group,660.0,operating,2014.0,,,supercritical,unknown,"Moher coal mine, Moher-Amlori Extension coal mine",Sasan,,Singrauli,Southern Asia,Asia,South Asia,23.9775233,82.6264733,exact,EC 21 July 2009 at http://bit.ly/1i76Wmy,,,,,8409,"96,100",53%,2.6,83.6,32,3.71304664842659,1.72,10.611918057559663
1513,G108835,L102360,P101194,https://www.gem.wiki/Sasan_Ultra_Mega_Power_Project,India,Madhya Pradesh,Unit 5,Sasan Ultra Mega Power Project,,,Reliance Power Ltd,Reliance Group,660.0,operating,2014.0,,,supercritical,unknown,"Moher coal mine, Moher-Amlori Extension coal mine",Sasan,,Singrauli,Southern Asia,Asia,South Asia,23.9775233,82.6264733,exact,EC 21 July 2009 at http://bit.ly/1i76Wmy,,,,,8409,"96,100",53%,2.6,83.6,32,3.71304664842659,1.72,10.611918057559663
1514,G108836,L102360,P101194,https://www.gem.wiki/Sasan_Ultra_Mega_Power_Project,India,Madhya Pradesh,Unit 6,Sasan Ultra Mega Power Project,,,Reliance Power Ltd,Reliance Group,660.0,operating,2015.0,,,supercritical,unknown,"Moher coal mine, Moher-Amlori Extension coal mine",Sasan,,Singrauli,Southern Asia,Asia,South Asia,23.9775233,82.6264733,exact,EC 21 July 2009 at http://bit.ly/1i76Wmy,,,,,8409,"96,100",53%,2.6,86.2,33,3.71304664842659,1.72,10.546605173724792
1555,G109308,L102366,P100965,https://www.gem.wiki/Shree_Singaji_Thermal_Power_Project,India,Madhya Pradesh,Stage II Unit 3,Shree Singaji Thermal Power Project,,Dongalia power project,Madhya Pradesh Power Generating Co Ltd,MPPGCL,660.0,operating,2018.0,,,supercritical,unknown,Gondbahera-Ujjaini coal block,Dongalia,,Khandwa,Southern Asia,Asia,South Asia,22.0991399,76.5317273,exact,,,,,,8409,"96,100",53%,2.6,94.1,36,4.90875780172022,1.72,10.537015352072665
1556,G109309,L102366,P100965,https://www.gem.wiki/Shree_Singaji_Thermal_Power_Project,India,Madhya Pradesh,Stage II Unit 4,Shree Singaji Thermal Power Project,,Dongalia power project,Madhya Pradesh Power Generating Co Ltd,MPPGCL,660.0,operating,2019.0,,,supercritical,unknown,Gondbahera-Ujjaini coal block,Dongalia,,Khandwa,Southern Asia,Asia,South Asia,22.0991399,76.5317273,exact,,,,,,8409,"96,100",53%,2.6,96.7,37,4.90875780172022,1.72,10.47564543889212
1596,G109450,L102185,P101047,https://www.gem.wiki/Sipat_power_station,India,Chhattisgarh,Unit 1,Sipat power station,,Rajiv Gandhi STPS power station,NTPC Ltd,NTPC,660.0,operating,2011.0,,,supercritical,unknown,Domestic,Sipat,,Bilaspur,Southern Asia,Asia,South Asia,22.1316619,82.2903496,exact,,,,,,9250,"96,100",53%,2.9,83.3,29,3.43985463530556,1.59,10.852464704170208
1597,G109451,L102185,P101047,https://www.gem.wiki/Sipat_power_station,India,Chhattisgarh,Unit 2,Sipat power station,,Rajiv Gandhi STPS power station,NTPC Ltd,NTPC,660.0,operating,2011.0,,,supercritical,unknown,Domestic,Sipat,,Bilaspur,Southern Asia,Asia,South Asia,22.1316619,82.2903496,exact,,,,,,9250,"96,100",53%,2.9,83.3,29,3.43985463530556,1.59,10.852464704170208
1598,G109452,L102185,P101047,https://www.gem.wiki/Sipat_power_station,India,Chhattisgarh,Unit 3,Sipat power station,,Rajiv Gandhi STPS power station,NTPC Ltd,NTPC,660.0,operating,2012.0,,,supercritical,unknown,Domestic,Sipat,,Bilaspur,Southern Asia,Asia,South Asia,22.1316619,82.2903496,exact,,,,,,9250,"96,100",53%,2.9,86.2,30,3.43985463530556,1.59,10.852464704170208
1610,G109490,L102431,P101047,https://www.gem.wiki/Solapur_power_station,India,Maharashtra,Unit 1,Solapur power station,,,NTPC Ltd,NTPC,660.0,operating,2017.0,,,supercritical,unknown,,Fatatewadi & Ahirwadi,South Solarpur,Solarpur,Southern Asia,Asia,South Asia,17.551296,75.9831995,exact,EC 27 Dec 2010 at http://bit.ly/1iyGRz2,,,,,8409,"96,100",53%,2.6,91.4,35,4.94209578433735,2.38,10.6603682104049
1611,G109491,L102431,P101047,https://www.gem.wiki/Solapur_power_station,India,Maharashtra,Unit 2,Solapur power station,,,NTPC Ltd,NTPC,660.0,operating,2019.0,,,supercritical,unknown,,Fatatewadi & Ahirwadi,South Solarpur,Solarpur,Southern Asia,Asia,South Asia,17.551296,75.9831995,exact,EC 27 Dec 2010 at http://bit.ly/1iyGRz2,,,,,8409,"96,100",53%,2.6,96.7,37,4.94209578433735,2.38,10.639498495260014
1619,G109572,L102071,P100066,https://www.gem.wiki/Sri_Damodaram_Sanjeevaiah_Thermal_Power_Station,India,Andhra Pradesh,Unit 1,Sri Damodaram Sanjeevaiah Thermal Power Station,,"Damodaram Sanjeevaiah, Krishnapatnam Supercritical thermal power project",Andhra Pradesh Power Development Co,APGENCO,800.0,operating,2014.0,,,supercritical,bituminous,"70% domestic, 30% imported",Nelaturu,Muttukuru,Nellore,Southern Asia,Asia,South Asia,14.3276045,80.122105,exact,,,,,,8409,"94,600",53%,3.1,99.8,32,4.61612784400043,3.43,10.576020063669436
1620,G109573,L102071,P100066,https://www.gem.wiki/Sri_Damodaram_Sanjeevaiah_Thermal_Power_Station,India,Andhra Pradesh,Unit 2,Sri Damodaram Sanjeevaiah Thermal Power Station,,"Damodaram Sanjeevaiah, Krishnapatnam Supercritical thermal power project",Andhra Pradesh Power Development Co,APGENCO,800.0,operating,2015.0,,,supercritical,bituminous,"70% domestic, 30% imported",Nelaturu,Muttukuru,Nellore,Southern Asia,Asia,South Asia,14.3276045,80.122105,exact,,,,,,8409,"94,600",53%,3.1,102.9,33,4.61612784400043,3.43,10.61989525573959
1621,G109574,L102071,P100066,https://www.gem.wiki/Sri_Damodaram_Sanjeevaiah_Thermal_Power_Station,India,Andhra Pradesh,Unit 3,Sri Damodaram Sanjeevaiah Thermal Power Station,,"Damodaram Sanjeevaiah, Krishnapatnam Supercritical thermal power project",Andhra Pradesh Power Development Co,APGENCO,800.0,operating,2022.0,,,supercritical,unknown,Imported,Nelaturu,Muttukuru,Nellore,Southern Asia,Asia,South Asia,14.3276045,80.122105,exact,TOR 26 Sept 2012 at http://bit.ly/1eLxrhM and http://bit.ly/1eLxGtl; EC 2 July 2015 http://bit.ly/1JAUAmI,,,,,8409,"96,100",53%,3.2,126.7,40,4.61612784400043,3.43,10.373119557830325
1639,G109739,L102534,P101182,https://www.gem.wiki/Suratgarh_Super_Thermal_Power_Station,India,Rajasthan,Unit 7,Suratgarh Super Thermal Power Station,,,Rajasthan RV Utpadan Nigam,Rajasthan RV Utpadan Nigam,660.0,operating,2019.0,,,supercritical,unknown,,Thukrana,Suratgarh,Sri Ganganagar,Southern Asia,Asia,South Asia,29.1611184,74.0191627,exact,EC 23 May 2012 at http://bit.ly/TOQYaP,,,,,8409,"96,100",53%,2.6,96.7,37,4.91066412258822,2.8,10.575761641468805
1640,G109740,L102534,P101182,https://www.gem.wiki/Suratgarh_Super_Thermal_Power_Station,India,Rajasthan,Unit 8,Suratgarh Super Thermal Power Station,,,Rajasthan RV Utpadan Nigam,Rajasthan RV Utpadan Nigam,660.0,operating,2021.0,,,supercritical,unknown,,Thukrana,Suratgarh,Sri Ganganagar,Southern Asia,Asia,South Asia,29.1611184,74.0191627,exact,EC 23 May 2012 at http://bit.ly/TOQYaP,,,,,8409,"96,100",53%,2.6,101.9,39,4.91066412258822,2.8,10.421916985045897
1675,G109904,L102518,P101556,https://www.gem.wiki/Talwandi_Sabo_Power_Project,India,Punjab state,Unit 1,Talwandi Sabo Power Project,,,Sterlite Energy Ltd,Vedanta Resources,660.0,operating,2014.0,,,supercritical,bituminous,,Banawala,Mansa,Mansa,Southern Asia,Asia,South Asia,29.9245796,75.2389294,exact,EC 11 July 2008 at http://bit.ly/1lcPj5R; EC extension 30 Sept 2013 at http://bit.ly/1lcPA94,,,,,8409,"94,600",53%,2.6,82.3,32,5.0,,10.547236002042574
1676,G109905,L102518,P101556,https://www.gem.wiki/Talwandi_Sabo_Power_Project,India,Punjab state,Unit 2,Talwandi Sabo Power Project,,,Sterlite Energy Ltd,Vedanta Resources,660.0,operating,2015.0,,,supercritical,bituminous,,Banawala,Mansa,Mansa,Southern Asia,Asia,South Asia,29.9245796,75.2389294,exact,EC 11 July 2008 at http://bit.ly/1lcPj5R; EC extension 30 Sept 2013 at http://bit.ly/1lcPA94,,,,,8409,"94,600",53%,2.6,84.9,33,5.0,,10.530759564678178
1677,G109906,L102518,P101556,https://www.gem.wiki/Talwandi_Sabo_Power_Project,India,Punjab state,Unit 3,Talwandi Sabo Power Project,,,Sterlite Energy Ltd,Vedanta Resources,660.0,operating,2016.0,,,supercritical,bituminous,,Banawala,Mansa,Mansa,Southern Asia,Asia,South Asia,29.9245796,75.2389294,exact,EC 11 July 2008 at http://bit.ly/1lcPj5R; EC extension 30 Sept 2013 at http://bit.ly/1lcPA94,,,,,8409,"94,600",53%,2.6,87.4,34,5.0,,10.531271579398716
1691,G109924,L102653,P101047,https://www.gem.wiki/Tanda_power_station,India,Uttar Pradesh,Unit 5,Tanda power station,,,NTPC Ltd,NTPC,660.0,operating,2019.0,,,supercritical,unknown,North Karanpura Coalfields,Bahadurgarh,Tanda,Ambedkarnagar,Southern Asia,Asia,South Asia,26.5891987,82.6003754,exact,EC 13 April 2011 at http://bit.ly/1kWGuzY,,,,,8409,"96,100",53%,2.6,96.7,37,4.3960358646564,2.04,10.572828783225592
1692,G109925,L102653,P101047,https://www.gem.wiki/Tanda_power_station,India,Uttar Pradesh,Unit 6,Tanda power station,,,NTPC Ltd,NTPC,660.0,operating,2021.0,,,supercritical,unknown,North Karanpura Coalfields,Bahadurgarh,Tanda,Ambedkarnagar,Southern Asia,Asia,South Asia,26.5891987,82.6003754,exact,EC 13 April 2011 at http://bit.ly/1kWGuzY,,,,,8409,"96,100",53%,2.6,101.9,39,4.3960358646564,2.04,10.43421871708468
1695,G109982,L102230,P101454,https://www.gem.wiki/Tata_Mundra_Ultra_Mega_Power_Project,India,Gujarat,Unit 1,Tata Mundra Ultra Mega Power Project,,,Tata Power Co Ltd,Tata Group,800.0,operating,2012.0,,,supercritical,sub-bit,,Tunda Wand,Mundra,Kutch,Southern Asia,Asia,South Asia,22.8158,69.5281,exact,,,,,,9250,"96,100",53%,3.5,104.5,30,4.67631704483643,3.7,11.167914968649107
1696,G109983,L102230,P101454,https://www.gem.wiki/Tata_Mundra_Ultra_Mega_Power_Project,India,Gujarat,Unit 2,Tata Mundra Ultra Mega Power Project,,,Tata Power Co Ltd,Tata Group,800.0,operating,2012.0,,,supercritical,sub-bit,,Tunda Wand,Mundra,Kutch,Southern Asia,Asia,South Asia,22.8158,69.5281,exact,,,,,,9250,"96,100",53%,3.5,104.5,30,4.67631704483643,3.7,11.167914968649107
1697,G109984,L102230,P101454,https://www.gem.wiki/Tata_Mundra_Ultra_Mega_Power_Project,India,Gujarat,Unit 3,Tata Mundra Ultra Mega Power Project,,,Tata Power Co Ltd,Tata Group,800.0,operating,2012.0,,,supercritical,sub-bit,,Tunda Wand,Mundra,Kutch,Southern Asia,Asia,South Asia,22.8158,69.5281,exact,,,,,,9250,"96,100",53%,3.5,104.5,30,4.67631704483643,3.7,11.167914968649107
1698,G109985,L102230,P101454,https://www.gem.wiki/Tata_Mundra_Ultra_Mega_Power_Project,India,Gujarat,Unit 4,Tata Mundra Ultra Mega Power Project,,,Tata Power Co Ltd,Tata Group,800.0,operating,2013.0,,,supercritical,sub-bit,,Tunda Wand,Mundra,Kutch,Southern Asia,Asia,South Asia,22.8158,69.5281,exact,,,,,,8409,"96,100",53%,3.2,98.2,31,4.67631704483643,3.7,11.167914968649107
1699,G109986,L102230,P101454,https://www.gem.wiki/Tata_Mundra_Ultra_Mega_Power_Project,India,Gujarat,Unit 5,Tata Mundra Ultra Mega Power Project,,,Tata Power Co Ltd,Tata Group,800.0,operating,2013.0,,,supercritical,sub-bit,,Tunda Wand,Mundra,Kutch,Southern Asia,Asia,South Asia,22.8158,69.5281,exact,,,,,,8409,"96,100",53%,3.2,98.2,31,4.67631704483643,3.7,11.167914968649107
1727,G110182,L102432,P100017,https://www.gem.wiki/Tiroda_Thermal_Power_Project,India,Maharashtra,Phase I Unit 1,Tiroda Thermal Power Project,,Tiroda-1 Thermal Power Project Unit 1,Adani Power Ltd,Adani Group,660.0,operating,2012.0,,,supercritical,bituminous,,Tiroda,Tiroda,Gondia,Southern Asia,Asia,South Asia,21.4125018,79.9673098,exact,EC 29 May 2008 at http://bit.ly/1iChtZm,,,,,9250,"94,600",53%,2.8,84.9,30,2.92075089973715,2.38,11.156972038257244
1728,G110183,L102432,P100017,https://www.gem.wiki/Tiroda_Thermal_Power_Project,India,Maharashtra,Phase I Unit 2,Tiroda Thermal Power Project,,Tiroda-1 Thermal Power Project Unit 2,Adani Power Ltd,Adani Group,660.0,operating,2013.0,,,supercritical,bituminous,,Tiroda,Tiroda,Gondia,Southern Asia,Asia,South Asia,21.4125018,79.9673098,exact,EC 29 May 2008 at http://bit.ly/1iChtZm,,,,,8409,"94,600",53%,2.6,79.7,31,2.92075089973715,2.38,11.156972038257244
1729,G110184,L102432,P100017,https://www.gem.wiki/Tiroda_Thermal_Power_Project,India,Maharashtra,Phase II Unit 3,Tiroda Thermal Power Project,,Tiroda-2 Thermal Power Project Unit 1,Adani Power Ltd,Adani Group,660.0,operating,2013.0,,,supercritical,bituminous,Domestic SICL,Tiroda,Tiroda,Gondia,Southern Asia,Asia,South Asia,21.4125018,79.9673098,exact,EC 22 April 2010 at http://bit.ly/1ml4rQC; EC amendment,,,,,8409,"94,600",53%,2.6,79.7,31,2.92075089973715,2.38,11.156972038257244
1730,G110185,L102432,P100017,https://www.gem.wiki/Tiroda_Thermal_Power_Project,India,Maharashtra,Phase III Unit 4,Tiroda Thermal Power Project,,Tiroda-3 Thermal Power Project Unit 1,Adani Power Ltd,Adani Group,660.0,operating,2014.0,,,supercritical,bituminous,Domestic,Tiroda,Tiroda,Gondia,Southern Asia,Asia,South Asia,21.4125018,79.9673098,exact,EC 22 April 2010 at http://bit.ly/1ml4rQC; EC amendment,,,,,8409,"94,600",53%,2.6,82.3,32,2.92075089973715,2.38,10.733663569705072
1731,G110186,L102432,P100017,https://www.gem.wiki/Tiroda_Thermal_Power_Project,India,Maharashtra,Phase III Unit 5,Tiroda Thermal Power Project,,Tiroda-3 Thermal Power Project Unit 2,Adani Power Ltd,Adani Group,660.0,operating,2014.0,,,supercritical,bituminous,Domestic,Tiroda,Tiroda,Gondia,Southern Asia,Asia,South Asia,21.4125018,79.9673098,exact,EC 22 April 2010 at http://bit.ly/1ml4rQC; EC amendment 13 March 2014 at http://bit.ly/1ml4MCD,,,,,8409,"94,600",53%,2.6,82.3,32,2.92075089973715,2.38,10.733663569705072
1771,G110429,L102311,P100017,https://www.gem.wiki/Udupi_power_station,India,Karnataka,Unit 1,Udupi power station,,,Adani Power Ltd,Adani Group,600.0,operating,2010.0,,,supercritical,unknown,,"Padubidri Industrial Area (Yelluru, Santuru, Tenka & Bada villages)",Udupi,Udupi,Southern Asia,Asia,South Asia,13.1596,74.8002,exact,,,,,,9250,"96,100",53%,2.6,73.2,28,1.68902986179148,3.46,10.970799256864947
1772,G110430,L102311,P100017,https://www.gem.wiki/Udupi_power_station,India,Karnataka,Unit 2,Udupi power station,,,Adani Power Ltd,Adani Group,600.0,operating,2011.0,,,supercritical,unknown,,"Padubidri Industrial Area (Yelluru, Santuru, Tenka & Bada villages)",Udupi,Udupi,Southern Asia,Asia,South Asia,13.1596,74.8002,exact,,,,,,9250,"96,100",53%,2.6,75.8,29,1.68902986179148,3.46,10.970799256864947
1851,G110712,L102233,P100576,https://www.gem.wiki/Wanakbori_Thermal_Power_Station,India,Gujarat,Unit 8,Wanakbori Thermal Power Station,,,Gujarat State Electricity Corp Ltd,GSECL,800.0,operating,2019.0,,,supercritical,unknown,,Wanakbori,Thasra,Kheda,Southern Asia,Asia,South Asia,22.8801884,73.3649182,exact,EC granted 12/2/13 at http://bit.ly/1iNwkRW,,,,,8409,"96,100",53%,3.2,117.2,37,4.09303353501502,3.7,10.59794345703963
1883,G111369,L102315,Q200189,https://www.gem.wiki/Yermarus_power_station,India,Karnataka,Unit 1,Yermarus power station,,Vadloor Power Station,Raichur Power Corp Ltd,"BHEL, KPCL",800.0,operating,2016.0,,,supercritical,unknown,,Yermarus,Raichur,Raichur,Southern Asia,Asia,South Asia,16.2952614,77.3561203,exact,EC 11/17/09 at http://bit.ly/1dPvMCQ,,,,,8409,"96,100",53%,3.2,107.7,34,1.88509606322304,3.46,10.506899022949426
1884,G111370,L102315,Q200189,https://www.gem.wiki/Yermarus_power_station,India,Karnataka,Unit 2,Yermarus power station,,Vadloor Power Station,Raichur Power Corp Ltd,"BHEL, KPCL",800.0,operating,2017.0,,,supercritical,unknown,,Yermarus,Raichur,Raichur,Southern Asia,Asia,South Asia,16.2952614,77.3561203,exact,EC 11/17/09 at http://bit.ly/1dPvMCQ,,,,,8409,"96,100",53%,3.2,110.8,35,1.88509606322304,3.46,10.489614111044187
